{"cameraMode":{"drawMode":0,"name":"Shaded","section":"Shading Mode"},"sceneLighting":false,"audioPlay":false,"sceneViewState":{"showFog":true,"showMaterialUpdate":false,"showSkybox":true,"showFlares":true,"showImageEffects":true,"showParticleSystems":true},"in2DMode":false,"pivot":{"x":-5.78000020980835,"y":0.6899999976158142,"z":-0.22040176391601563},"rotation":{"x":-0.005003341939300299,"y":0.9919085502624512,"z":-0.11991546303033829,"w":-0.041385091841220859},"size":4.2135467529296879,"orthographic":false}