{"cameraMode":{"drawMode":0,"name":"Shaded","section":"Shading Mode"},"sceneLighting":true,"audioPlay":false,"sceneViewState":{"showFog":true,"showMaterialUpdate":false,"showSkybox":true,"showFlares":true,"showImageEffects":true,"showParticleSystems":true},"in2DMode":false,"pivot":{"x":-0.9312222003936768,"y":0.36533164978027346,"z":0.16491222381591798},"rotation":{"x":-0.005003341939300299,"y":0.9919085502624512,"z":-0.11991546303033829,"w":-0.041385091841220859},"size":8.642939567565918,"orthographic":false}