{"cameraMode":{"drawMode":0,"name":"Shaded","section":"Shading Mode"},"sceneLighting":true,"audioPlay":false,"sceneViewState":{"showFog":true,"showMaterialUpdate":false,"showSkybox":true,"showFlares":true,"showImageEffects":true,"showParticleSystems":true},"in2DMode":false,"pivot":{"x":-1.7054587602615357,"y":4.220028415602428e-8,"z":-0.5781316757202148},"rotation":{"x":-0.06842814385890961,"y":0.8367963433265686,"z":-0.1075369119644165,"w":-0.5324710011482239},"size":8.652697563171387,"orthographic":false}