{"cameraMode":{"drawMode":0,"name":"Shaded","section":"Shading Mode"},"sceneLighting":true,"audioPlay":false,"sceneViewState":{"showFog":true,"showMaterialUpdate":false,"showSkybox":true,"showFlares":true,"showImageEffects":true,"showParticleSystems":true},"in2DMode":false,"pivot":{"x":-0.3925027847290039,"y":0.4828324317932129,"z":1.0625648498535157},"rotation":{"x":-0.20205934345722199,"y":0.08859144896268845,"z":-0.0183562021702528,"w":-0.9751854538917542},"size":9.823486328125,"orthographic":false}